Fecha,Plataforma,Provincia,Localidad,Oferta_Empleo,Salario,Modalidad,Tipo_Contrato,Tipo_Jornada,Experiencia,Empresa,Requisitos
2026-01-17,Trabajoscom,Barcelona,Olesa De Montserrat,Comercial de seguros Hospitalet de Llobregat (Fijo + Variable).,Sin Data,Sin Data,Autonomo,Jornada Indiferente,Sin Data,SGS Seguros Santalucía,Sin Data
2026-01-17,Trabajoscom,Barcelona,Granollers,Comercial de seguros GRANOLLERS (Barcelona) (L a V) (Fijo + Variable).,Sin Data,Sin Data,Autonomo,Jornada Indiferente,Sin Data,SGS Seguros Santalucía,Sin Data
2026-01-17,Trabajoscom,Barcelona,Todo Barcelona,Comercial de seguros Barcelona en San Andreu y/o El Carmelo (Fijo + Variable).,Sin Data,Sin Data,Autonomo,Jornada Indiferente,Sin Data,SGS Seguros Santalucía,Sin Data
2026-01-17,Trabajoscom,Madrid,Torrejon De La Calzada,Electromecánico/a para mantenimiento industrial,Sin Data,Sin Data,Indefinido,Jornada Completa,Sin Data,Iman Temporing,Sin Data
2026-01-17,Trabajoscom,Zaragoza,Cuarte De Huerva,Operario/a mantenimiento/reparación,Sin Data,Sin Data,De duracion determinada,Jornada Completa,Sin Data,Grupo Adecco,Sin Data
2026-01-17,Trabajoscom,Huesca,Huesca,Conductor Reparto C,Sin Data,Sin Data,De duracion determinada,Jornada Completa,Sin Data,Grupo Adecco,Sin Data
2026-01-17,Trabajoscom, Valencia, Valencia,TAPICERO/A,22.000 € - 25.000 €,Sin Data,De duracion determinada,Jornada Completa,Sin Data,Grupo Adecco,Sin Data
2026-01-17,Trabajoscom,Barcelona,Sant Feliu De Codines,Cocinero/a.   Escola Bressol Sant Feliu de Codines,14.875 €,Sin Data,De duracion determinada,Jornada Intensiva,Sin Data,Serveis Educatius Cavall de Cartró,Sin Data
2026-01-17,Trabajoscom,Barcelona,Sant Feliu De Codines,Limpiador/a.    Escola Bressol Sant Feliu de Codines,14.875 €,Sin Data,De duracion determinada,Jornada Intensiva,Sin Data,Serveis Educatius Cavall de Cartró,Sin Data
2026-01-17,Trabajoscom,Madrid,Todo Madrid,Conductor/a de Camiones con Carnet tipo C,Sin Data,Sin Data,Indefinido,Jornada Completa,Sin Data,EY,Sin Data
2026-01-17,Trabajoscom,Madrid,Todo Madrid,Electromecánico/a Industrial Puente Grúa,Sin Data,Sin Data,Indefinido,Jornada Completa,Sin Data,EY,Sin Data
2026-01-17,Trabajoscom,Madrid,Todo Madrid,Técnico de concursos públicos con excel (H/M/X),Sin Data,Sin Data,Indefinido,Jornada Indiferente,Sin Data,Manpower Trabajo Temporal,Sin Data
2026-01-17,Trabajoscom,Murcia,Todo Murcia,Operario/a Rebobinado,Sin Data,Sin Data,Indefinido,Jornada Completa,Sin Data,EY,Sin Data
2026-01-17,Trabajoscom,Valencia,Todo Valencia,Operario/a de Calibrador-,Sin Data,Sin Data,Indefinido,Jornada Completa,Sin Data,EY,Sin Data
2026-01-17,Trabajoscom,Almería,Todo Almería,Piloto/a comercial,Sin Data,Sin Data,Indefinido,Jornada Indiferente,Sin Data,EY,Sin Data
2026-01-17,Trabajoscom,Madrid,Todo Madrid,Operario/a producción Turno mañana,Sin Data,Sin Data,Indefinido,Jornada Completa,Sin Data,EY,Sin Data
2026-01-17,Trabajoscom,Barcelona,Todo Barcelona,Operaria de producción Turnos rotativos,Sin Data,Sin Data,Indefinido,Jornada Intensiva,Sin Data,EY,Sin Data
2026-01-17,Trabajoscom,Málaga,Todo Málaga,Técnico/a de mantenimiento,Sin Data,Sin Data,Indefinido,Jornada Completa,Sin Data,Eurofirms,Sin Data
2026-01-17,Trabajoscom,Jaén,Todo Jaén,Personal de Logística y Almacén (H/M),Sin Data,Sin Data,Indefinido,Jornada Completa,Sin Data,EY,Sin Data
2026-01-17,Trabajoscom,Madrid,Todo Madrid,Ingenieros/as de instrumentación y control,Sin Data,Sin Data,Indefinido,Jornada Indiferente,Sin Data,EY,Sin Data
2026-01-17,Trabajoscom,Badajoz,Todo Badajoz,Operario de corte (H/M/X),Sin Data,Sin Data,Indefinido,Jornada Indiferente,Sin Data,Manpower Trabajo Temporal,Sin Data
2026-01-17,Trabajoscom,Madrid,Todo Madrid,Monitor/a centro de Ocio,Sin Data,Sin Data,Indefinido,Jornada Indiferente,Sin Data,Eurofirms,Sin Data
2026-01-17,Trabajoscom,Gipuzkoa,Todo Gipuzkoa,Responsable de Expansión Internacional (Alimentación Congelada),Sin Data,Sin Data,Indefinido,Jornada Completa,Sin Data,AdegiLan,Sin Data
2026-01-17,Trabajoscom,Gipuzkoa,Todo Gipuzkoa,Técnico/a de mantenimiento mecánico,Sin Data,Sin Data,Indefinido,Jornada Indiferente,Sin Data,AdegiLan,Sin Data
2026-01-17,Trabajoscom,Gipuzkoa,Todo Gipuzkoa,Back Office Ventas,Sin Data,Sin Data,Indefinido,Jornada Indiferente,Sin Data,AdegiLan,Sin Data
2026-01-17,Trabajoscom,Gipuzkoa,Todo Gipuzkoa,Gestor-a de Mantenimiento Técnico de Instalaciones,Sin Data,Sin Data,Indefinido,Jornada Completa,Sin Data,AdegiLan,Sin Data
2026-01-17,Trabajoscom,Gipuzkoa,Todo Gipuzkoa,INGENIERO/A MANTENIMIENTO MECANICO,Sin Data,Sin Data,Indefinido,Jornada Completa,Sin Data,AdegiLan,Sin Data
2026-01-17,Trabajoscom,Gipuzkoa,Todo Gipuzkoa,Responsable mantenimiento mecánico,Sin Data,Sin Data,De duracion determinada,Jornada Completa,Sin Data,AdegiLan,Sin Data
2026-01-17,Trabajoscom,Gipuzkoa,Todo Gipuzkoa,Asesor-a Comercial de Formación,Sin Data,Sin Data,Indefinido,Jornada Completa,Sin Data,AdegiLan,Sin Data
2026-01-17,Trabajoscom,Gipuzkoa,Todo Gipuzkoa,Director/a de Hotel,Sin Data,Sin Data,Indefinido,Jornada Indiferente,Sin Data,AdegiLan,Sin Data
2026-01-17,Trabajoscom,Sevilla,Todo Sevilla,Administrativo Contable (H/M/D),Sin Data,Sin Data,Indefinido,Jornada Indiferente,Sin Data,Page Personnel ETT,Sin Data
2026-01-17,Trabajoscom,Madrid,Todo Madrid,Treasury Accountant with English,Sin Data,Sin Data,Indefinido,Jornada Indiferente,Sin Data,Page Personnel ETT,Sin Data
2026-01-17,Trabajoscom,Madrid,Todo Madrid,Operarios/as producció,Sin Data,Sin Data,Indefinido,Jornada Completa,Sin Data,EY,Sin Data
2026-01-17,Trabajoscom,Barcelona,Todo Barcelona,Dependiente/a de Carnicería Charcutería (H/M),Sin Data,Sin Data,Indefinido,Jornada Completa,Sin Data,EY,Sin Data
2026-01-17,Trabajoscom,Sevilla,Todo Sevilla,Asesor Contable Fiscal (H/M/D),Sin Data,Sin Data,Indefinido,Jornada Indiferente,Sin Data,Page Personnel ETT,Sin Data
2026-01-17,Trabajoscom,Toledo,Todo Toledo,TÉCNICO DE CALIDAD (H/M/X),Sin Data,Sin Data,Indefinido,Jornada Indiferente,Sin Data,Manpower Trabajo Temporal,Sin Data
2026-01-17,Trabajoscom,Badajoz,Badajoz,"Terapeuta Ocupacional en Winsen, Alemania",Sin Data,Sin Data,Indefinido,Jornada Completa,Sin Data,TTA Personal GmbH,Sin Data
2026-01-17,Trabajoscom,Ávila,Avila,"Terapeuta Ocupacional en Winsen, Alemania",Sin Data,Sin Data,Indefinido,Jornada Completa,Sin Data,TTA Personal GmbH,Sin Data
2026-01-17,Trabajoscom,Ciudad Real,Ciudad Real,"Terapeuta Ocupacional en Winsen, Alemania",Sin Data,Sin Data,Indefinido,Jornada Completa,Sin Data,TTA Personal GmbH,Sin Data
2026-01-17,Trabajoscom,Gipuzkoa,Todo Gipuzkoa,"Terapeuta Ocupacional en Winsen, Alemania",Sin Data,Sin Data,Indefinido,Jornada Completa,Sin Data,TTA Personal GmbH,Sin Data
2026-01-17,Trabajoscom,Barcelona,Todo Barcelona,Mecánico/a Industrial,Sin Data,Sin Data,Indefinido,Jornada Completa,Sin Data,EY,Sin Data
2026-01-17,Trabajoscom,Valencia,Todo Valencia,Frigorista en obra - oficial 1ª 3babc838,Sin Data,Sin Data,Indefinido,Jornada Indiferente,Sin Data,EY,Sin Data
2026-01-17,Trabajoscom,Barcelona,Todo Barcelona,Delegado/a Comercial - Bebidas Premium (Cataluña + Baleares),Sin Data,Sin Data,Indefinido,Jornada Indiferente,Sin Data,Page Personnel ETT,Sin Data
2026-01-17,Trabajoscom,Sevilla,Todo Sevilla,Administrativo Contable (H/M/D),Sin Data,Sin Data,Indefinido,Jornada Indiferente,Sin Data,Page Personnel ETT,Sin Data
2026-01-17,Trabajoscom,Madrid,Todo Madrid,Treasury Accountant with English,Sin Data,Sin Data,Indefinido,Jornada Indiferente,Sin Data,Page Personnel ETT,Sin Data
2026-01-17,Trabajoscom,Madrid,Todo Madrid,Operarios/as producció,Sin Data,Sin Data,Indefinido,Jornada Completa,Sin Data,EY,Sin Data
2026-01-17,Trabajoscom,Barcelona,Todo Barcelona,Dependiente/a de Carnicería Charcutería (H/M),Sin Data,Sin Data,Indefinido,Jornada Completa,Sin Data,EY,Sin Data
2026-01-17,Trabajoscom,Sevilla,Todo Sevilla,Asesor Contable Fiscal (H/M/D),Sin Data,Sin Data,Indefinido,Jornada Indiferente,Sin Data,Page Personnel ETT,Sin Data
2026-01-17,Trabajoscom,Salamanca,Todo Salamanca,"Terapeuta Ocupacional en Winsen, Alemania",Sin Data,Sin Data,Indefinido,Jornada Completa,Sin Data,TTA Personal GmbH,Sin Data
2026-01-17,Trabajoscom,Cuenca,Todo Cuenca,"Terapeuta Ocupacional en Winsen, Alemania",Sin Data,Sin Data,Indefinido,Jornada Completa,Sin Data,TTA Personal GmbH,Sin Data
2026-01-17,Trabajoscom,Huesca,Huesca,"Terapeuta Ocupacional en Winsen, Alemania",Sin Data,Sin Data,Indefinido,Jornada Completa,Sin Data,TTA Personal GmbH,Sin Data
2026-01-17,Trabajoscom,Almería,Almeria,"Terapeuta Ocupacional en Winsen, Alemania",Sin Data,Sin Data,Indefinido,Jornada Completa,Sin Data,TTA Personal GmbH,Sin Data
2026-01-17,Trabajoscom,Melilla,Melilla,"Terapeuta Ocupacional en Winsen, Alemania",Sin Data,Sin Data,Indefinido,Jornada Completa,Sin Data,TTA Personal GmbH,Sin Data
2026-01-17,Trabajoscom,Palencia,Palencia,"Terapeuta Ocupacional en Winsen, Alemania",Sin Data,Sin Data,Indefinido,Jornada Completa,Sin Data,TTA Personal GmbH,Sin Data
2026-01-17,Trabajoscom,Jaén,Jaen,"Terapeuta Ocupacional en Winsen, Alemania",Sin Data,Sin Data,Indefinido,Jornada Completa,Sin Data,TTA Personal GmbH,Sin Data
2026-01-17,Trabajoscom,Lugo,Lugo,"Terapeuta Ocupacional en Winsen, Alemania",Sin Data,Sin Data,Indefinido,Jornada Completa,Sin Data,TTA Personal GmbH,Sin Data
2026-01-17,Trabajoscom,León,Todo León,"Terapeuta Ocupacional en Winsen, Alemania",Sin Data,Sin Data,Indefinido,Jornada Completa,Sin Data,TTA Personal GmbH,Sin Data
2026-01-17,Trabajoscom,Badajoz,Badajoz,TRABAJA DESDE CASA,Sin Data,Sin Data,Indefinido,Media Jornada,Sin Data,Importante Empresa Nacional en Expansión,Sin Data
2026-01-17,Trabajoscom,Madrid,Todo Madrid,Becario/a RRHH,Sin Data,Sin Data,Indefinido,Media Jornada,Sin Data,EY,Sin Data
2026-01-17,Trabajoscom,Madrid,Madrid,Personal Auxiliar lavandería CON DISCAPACIDAD o INCAPACIDAD (H/M/D) Valdebebas Madrid,16.500 € - 16.700 €,Sin Data,De duracion determinada,Jornada Completa,Sin Data,Ilunion,Sin Data
2026-01-17,Trabajoscom,Madrid,Todo Madrid,Técnico Área de personas con discapacidad,Sin Data,Sin Data,Indefinido,Jornada Indiferente,Sin Data,Page Personnel ETT,Sin Data
2026-01-17,Trabajoscom,Madrid,Madrid,Gestor de centro de competencias digitales,24.796 € - 24.797 €,Sin Data,Indefinido,Jornada Completa,Sin Data,Fundación General de la Universidad Politécnica de Madrid,Sin Data
2026-01-17,Trabajoscom,Madrid,Madrid,REPARTIDOR/A moto Madrid Centro,9 € - 10 €,Sin Data,Fijo discontinuo,Trabajo Por Horas,Sin Data,Grupo Adecco,Sin Data
2026-01-17,Trabajoscom,Barcelona,Todo Barcelona,Técnico/a en Ingeniería Civil en Alemania,3.676 € - 5.168 €,Sin Data,Indefinido,Jornada Completa,Sin Data,Gemeinde Nörvenich,Sin Data
2026-01-17,Trabajoscom,Madrid,Arganda,Conductor camión rígido// MADRID,14 € - 15 €,Sin Data,Fijo discontinuo,Jornada Completa,Sin Data,Grupo Adecco,Sin Data
2026-01-17,Trabajoscom,Burgos,Miranda De Ebro,Operario/a de Montaje,15 € - 16 €,Sin Data,De duracion determinada,Jornada Intensiva,Sin Data,Grupo Adecco,Sin Data
2026-01-17,Trabajoscom,Madrid,Todo Madrid,Conductor/a con ADR,19.000 € - 20.000 €,Sin Data,De duracion determinada,Jornada Completa,Sin Data,Grupo Adecco,Sin Data
2026-01-17,Trabajoscom,Rioja,Todo Rioja,Mecánico de Línea - Formación profesional requerida,20.000 € - 23.000 €,Sin Data,De duracion determinada,Jornada Intensiva,Sin Data,Grupo Adecco,Sin Data
2026-01-17,Trabajoscom,Castellón,Todo Castellón,Controller Financiero - Alrededores de Castellón,Sin Data,Sin Data,Indefinido,Jornada Indiferente,Sin Data,Page Personnel ETT,Sin Data
2026-01-17,Trabajoscom,Castellón,Todo Castellón,Auditor/a Interno - Alrededores de Castellón,Sin Data,Sin Data,Indefinido,Jornada Indiferente,Sin Data,Page Personnel ETT,Sin Data
2026-01-17,Trabajoscom,Madrid,Todo Madrid,Administrativo Polivalente - (Vallecas),Sin Data,Sin Data,Indefinido,Jornada Indiferente,Sin Data,Page Personnel ETT,Sin Data
2026-01-17,Trabajoscom,Madrid,Todo Madrid,Técnico/a Nóminas-RRHH,Sin Data,Sin Data,Indefinido,Jornada Completa,Sin Data,Citius Outsourcing,Sin Data
2026-01-17,Trabajoscom,Salamanca,Babilafuente,Jefe/a de Obra,Sin Data,Sin Data,Indefinido,Jornada Completa,Sin Data,Iman Global Consulting,Sin Data
2026-01-17,Trabajoscom,Murcia,Murcia,Mecánico/a de Vehículo Industriales  / Murcia,25.000 € - 26.600 €,Sin Data,Indefinido,Jornada Completa,Sin Data,Iman Global Consulting,Sin Data
2026-01-17,Trabajoscom,Barcelona,Sant Cugat Del Valles,Técnico/a Laboral,Sin Data,Sin Data,Indefinido,Jornada Completa,Sin Data,Iman Temporing,Sin Data
2026-01-17,Trabajoscom,Murcia,Lorca,Camarero/a,Sin Data,Sin Data,Indefinido,Jornada Completa,Sin Data,Iman Temporing,Sin Data
2026-01-17,Trabajoscom,Barcelona,Todo Barcelona,Vigilante de Seguridad nocturno ( Adm Pública),Sin Data,Sin Data,Indefinido,Jornada Completa,Sin Data,Iman Seguridad,Sin Data
2026-01-17,Trabajoscom,A Coruña,A Coruña,DEPENDIENTE/A DE TIENDA,Sin Data,Sin Data,De duracion determinada,Jornada Completa,Sin Data,Iman Temporing,Sin Data
2026-01-17,Trabajoscom,Zaragoza,Zuera,Técnico/a de producción para Planta Química,Sin Data,Sin Data,De duracion determinada,Jornada Completa,Sin Data,Iman Temporing,Sin Data
2026-01-17,Trabajoscom,Burgos,Miranda De Ebro,Montador/a de componentes ferroviarios,Sin Data,Sin Data,De duracion determinada,Jornada Completa,Sin Data,Iman Temporing,Sin Data
2026-01-17,Trabajoscom,Zaragoza,Zuera,Técnico/a de producción para Planta Química,Sin Data,Sin Data,De duracion determinada,Jornada Completa,Sin Data,Iman Temporing,Sin Data
2026-01-17,Trabajoscom,Burgos,Miranda De Ebro,Montador/a de componentes ferroviarios,Sin Data,Sin Data,De duracion determinada,Jornada Completa,Sin Data,Iman Temporing,Sin Data
2026-01-17,Trabajoscom,Valladolid,Todo Valladolid,Asesor/a Técnico sector climatización y fontanería,Sin Data,Sin Data,Indefinido,Jornada Indiferente,Sin Data,Iman Temporing,Sin Data
2026-01-17,Trabajoscom,Bizkaia,Todo Bizkaia,Consultor/a RRHH Durango,Sin Data,Sin Data,Indefinido,Jornada Completa,Sin Data,Iman Temporing,Sin Data
2026-01-17,Trabajoscom,A Coruña,A Coruña,COLABORADORES/AS CINES,Sin Data,Sin Data,De duracion determinada,Jornada Completa,Sin Data,Iman Temporing,Sin Data
2026-01-17,Trabajoscom,Barcelona,Todo Barcelona,Vigilantes de Seguridad Centro de Datos Barcelona,Sin Data,Sin Data,Indefinido,Jornada Completa,Sin Data,Iman Seguridad,Sin Data
2026-01-17,Trabajoscom,Sevilla,Todo Sevilla,Recepcionista/ Vigilante  (Días Festivos),Sin Data,Sin Data,De duracion determinada,Jornada Completa,Sin Data,Iman Temporing,Sin Data
2026-01-17,Trabajoscom,Valencia,Almussafes,OPERARIO/A CONTROL PARÁMETROS -SECTOR ALIMENTACION,17.000 € - 17.999 €,Sin Data,De duracion determinada,Jornada Completa,Sin Data,Iman Temporing,Sin Data
2026-01-17,Trabajoscom,Sevilla,Bormujos,Enfermero/a - DUE Centro Residencial DomusVi Bormujos,Sin Data,Sin Data,Indefinido,Media Jornada,Sin Data,DomusVi,Sin Data
2026-01-17,Trabajoscom,Madrid,Mostoles,Psicólogo/a Centro de Día DomusVi Jardín de los Mayores,Sin Data,Sin Data,Indefinido,Media Jornada,Sin Data,DomusVi,Sin Data
2026-01-17,Trabajoscom,Jaén,La Carolina,Operarios/as Producción La Carolina,Sin Data,Sin Data,De duracion determinada,Jornada Completa,Sin Data,Crit Interim España ETT,Sin Data
2026-01-17,Trabajoscom,Murcia,Todo Murcia,Administrativo/a Comercial,Sin Data,Sin Data,De duracion determinada,Jornada Completa,Sin Data,Iman Temporing,Sin Data
2026-01-17,Trabajoscom,Granada,Atarfe,Químico/a Analítico/a – Encargado/a de Laboratorio,Sin Data,Sin Data,Indefinido,Jornada Completa,Sin Data,Iman Temporing,Sin Data
2026-01-17,Trabajoscom,Murcia,Todo Murcia,Oficial (H/M) de Matenimiento,17.000 € - 50.000 €,Sin Data,Indefinido,Jornada Completa,Sin Data,Crit Interim España ETT,Sin Data
2026-01-17,Trabajoscom,Gipuzkoa,Usurbil,Administrativos/as Logistica,15.000 € - 16.000 €,Sin Data,De duracion determinada,Jornada Completa,Sin Data,Iman Temporing,Sin Data
2026-01-17,Trabajoscom,Barcelona,Vallirana,Administrativo/a contable (A3),Sin Data,Sin Data,De duracion determinada,Jornada Completa,Sin Data,Crit Interim España ETT,Sin Data
2026-01-17,Trabajoscom,Sevilla,Todo Sevilla,Jefe/a de Obra,Sin Data,Sin Data,Indefinido,Jornada Completa,Sin Data,Crit Interim España ETT,Sin Data
2026-01-17,Trabajoscom,Zaragoza,Todo Zaragoza,Operario/a reciclado y desmontaje,Sin Data,Sin Data,Indefinido,Jornada Completa,Sin Data,Crit Interim España ETT,Sin Data
2026-01-17,Trabajoscom,Sevilla,Todo Sevilla,Gobernante/a de Hotel 4 Estrellas,Sin Data,Sin Data,Indefinido,Jornada Completa,Sin Data,Consorcio Andaluz de Servicios Integrales,Sin Data
2026-01-17,Trabajoscom,Barcelona,Sant Cugat Del Valles,PANADERO/A AMASADOR Y FORMADOR.,24.000 € - 25.000 €,Sin Data,Indefinido,Jornada Completa,Sin Data,Iman Temporing,Sin Data
2026-01-17,Trabajoscom,Araba,Legutio,Almacén estable (incorporacion inmediata),Sin Data,Sin Data,De duracion determinada,Jornada Completa,Sin Data,Crit Interim España ETT,Sin Data
2026-01-17,Trabajoscom,Málaga,Alhaurin De La Torre,Enfermero/a - DUE Centro Residencial DomusVi Fuentesol,Sin Data,Sin Data,Indefinido,Jornada Completa,Sin Data,DomusVi,Sin Data
2026-01-17,Trabajoscom,Gipuzkoa,Ezkio-Itsaso,Operario/a producción,Sin Data,Sin Data,De duracion determinada,Jornada Completa,Sin Data,Iman Temporing,Sin Data
2026-01-17,Trabajoscom,Navarra,Todo Navarra,Tecnico/a mantenimiento,Sin Data,Sin Data,Indefinido,Jornada Completa,Sin Data,Iman Temporing,Sin Data
2026-01-17,Trabajoscom,Gipuzkoa,Usurbil,Mozo/a de almacén,Sin Data,Sin Data,De duracion determinada,Jornada Completa,Sin Data,Iman Temporing,Sin Data
2026-01-17,Trabajoscom,Barcelona,Sant Cugat Del Valles,Teleoperadores/as,Sin Data,Sin Data,A tiempo parcial,Jornada Indiferente,Sin Data,Iman Temporing,Sin Data
2026-01-17,Trabajoscom,Barcelona,Sant Boi De Llobregat,Administrativo/a Comercial -Sant Boi de Llobregat,Sin Data,Sin Data,De duracion determinada,Jornada Completa,Sin Data,Crit Interim España ETT,Sin Data
2026-01-17,Trabajoscom,Barcelona,Sant Cugat Del Valles,Administrativo/a de compras,20.000 € - 22.000 €,Sin Data,De duracion determinada,Jornada Completa,Sin Data,Iman Temporing,Sin Data
2026-01-17,Trabajoscom,Málaga,Todo Málaga,Tecnico Mantenimiento - Vialidad/Peaje,27.000 €,Sin Data,De duracion determinada,Jornada Completa,Sin Data,Crit Interim España ETT,Sin Data
2026-01-17,Trabajoscom,Madrid,Todo Madrid,Gestor/a de tráfico,Sin Data,Sin Data,Indefinido,Jornada Completa,Sin Data,Crit Interim España ETT,Sin Data
2026-01-17,Trabajoscom,Málaga,Fuengirola,Tecnico Mantenimiento - Vialidad/Peaje,27.000 €,Sin Data,De duracion determinada,Jornada Completa,Sin Data,Crit Interim España ETT,Sin Data
2026-01-17,Trabajoscom,Madrid,Alcala De Henares,Operario/a Sector Automoción rotativo,Sin Data,Sin Data,De duracion determinada,Jornada Completa,Sin Data,Crit Interim España ETT,Sin Data
2026-01-17,Trabajoscom,Bizkaia,Bilbao,Auxiliar Administrativo/a Barakaldo,Sin Data,Sin Data,De duracion determinada,Jornada Completa,Sin Data,Iman Temporing,Sin Data
2026-01-17,Trabajoscom,Madrid,San Fernando De Henares,Auxiliar Administrativo/a Comercial,Sin Data,Sin Data,De duracion determinada,Jornada Completa,Sin Data,Iman Temporing,Sin Data
2026-01-17,Trabajoscom,Madrid,Griñon,Mozo/a de almacén con carretilla,Sin Data,Sin Data,De duracion determinada,Jornada Completa,Sin Data,Iman Temporing,Sin Data
2026-01-17,Trabajoscom,Lleida,Lleida,Técnico/a de Mantenimiento sector pienso animal,Sin Data,Sin Data,Indefinido,Jornada Completa,Sin Data,Iman Temporing,Sin Data
2026-01-17,Trabajoscom,Bizkaia,Bilbao,Talent Consultant Bilbao,Sin Data,Sin Data,Indefinido,Jornada Completa,Sin Data,Iman Global Consulting,Sin Data
2026-01-17,Trabajoscom,A Coruña,A Coruña,Talent Consultant A Coruña,Sin Data,Sin Data,Indefinido,Jornada Completa,Sin Data,Iman Global Consulting,Sin Data
2026-01-17,Trabajoscom,Madrid,Todo Madrid,Operario/a carpinteria,Sin Data,Sin Data,De duracion determinada,Jornada Completa,Sin Data,Crit Interim España ETT,Sin Data
2026-01-17,Trabajoscom,A Coruña,Ribeira,Terapeuta Ocupacional Centro Residencial DomusVi Ribeira,Sin Data,Sin Data,De duracion determinada,Jornada Completa,Sin Data,DomusVi,Sin Data
2026-01-17,Trabajoscom,Lleida,Bell-Lloc D'urgell,TÉCNICO/A DE COMPRAS,Sin Data,Sin Data,Indefinido,Jornada Indiferente,Sin Data,Iman Temporing,Sin Data
2026-01-17,Trabajoscom,Granada,Todo Granada,Mozo carga descarga dias sueltos,Sin Data,Sin Data,Indefinido,Jornada Completa,Sin Data,Crit Interim España ETT,Sin Data
2026-01-17,Trabajoscom,Lleida,Alpicat,Enfermero/a - DUE Centro Sociosanitario DomusVi Terraferma Alpicat (SISCAT),Sin Data,Sin Data,Indefinido,Jornada Indiferente,Sin Data,DomusVi,Sin Data
2026-01-17,Trabajoscom,Barcelona,Parets Del Valles,Operario/a Mantenimiento Electricidad.,Sin Data,Sin Data,Indefinido,Jornada Completa,Sin Data,Crit Interim España ETT,Sin Data
2026-01-17,Trabajoscom,S.C. Tenerife,Adeje,Ayudante de Cocina (zona sur),Sin Data,Sin Data,Indefinido,Jornada Completa,Sin Data,Pacto,Sin Data
2026-01-17,Trabajoscom,Barcelona,Igualada,Comercial de seguros IGUALADA (Barcelona) (L a V) (Fijo + Variable).,Sin Data,Sin Data,Autonomo,Jornada Indiferente,Sin Data,SGS Seguros Santalucía,Sin Data
2026-01-17,Trabajoscom, Valencia, Valencia,OPERARIO/A SECTOR METAL,12 € - 13 €,Sin Data,De duracion determinada,Jornada Completa,Sin Data,Grupo Adecco,Sin Data
2026-01-17,Trabajoscom,Barcelona,Manresa,Comercial de seguros MANRESA (Barcelona) (L a V) (Fijo + Variable).,Sin Data,Sin Data,Autonomo,Jornada Indiferente,Sin Data,SGS Seguros Santalucía,Sin Data
2026-01-17,Trabajoscom,Araba,Todo Araba,Encargado de Almacén (H/M/X),Sin Data,Sin Data,Indefinido,Jornada Indiferente,Sin Data,Manpower Trabajo Temporal,Sin Data
2026-01-17,Trabajoscom,Barcelona,Todo Barcelona,Administrativa RRHH Mañanas ( H/M/X),Sin Data,Sin Data,Indefinido,Jornada Indiferente,Sin Data,Manpower Trabajo Temporal,Sin Data
2026-01-17,Trabajoscom,Valencia,Todo Valencia,Operario/a Máquina de Malla -,Sin Data,Sin Data,Indefinido,Jornada Completa,Sin Data,EY,Sin Data
2026-01-17,Trabajoscom,Madrid,Todo Madrid,administrativo contable - media jornada (Vallecas),Sin Data,Sin Data,Indefinido,Jornada Completa,Sin Data,EY,Sin Data
2026-01-17,Trabajoscom,Valencia,Todo Valencia,Responsable de RR. HH. (H/M/X),Sin Data,Sin Data,Indefinido,Jornada Indiferente,Sin Data,Manpower Trabajo Temporal,Sin Data
2026-01-17,Trabajoscom,Araba,Todo Araba,Electricista electronico,Sin Data,Sin Data,Indefinido,Jornada Completa,Sin Data,EY,Sin Data
2026-01-17,Trabajoscom,Araba,Todo Araba,Asistente de calidad en línea,Sin Data,Sin Data,Indefinido,Jornada Completa,Sin Data,EY,Sin Data
2026-01-17,Trabajoscom,Madrid,Todo Madrid,Auxiliar administrativo/a con experiencia,Sin Data,Sin Data,Indefinido,Jornada Completa,Sin Data,EY,Sin Data
2026-01-17,Trabajoscom,Madrid,Todo Madrid,Agente Atención al Cliente SAC,Sin Data,Sin Data,Indefinido,Jornada Completa,Sin Data,EY,Sin Data
2026-01-17,Trabajoscom,Madrid,Todo Madrid,Auxiliar administrativo/a con experiencia,Sin Data,Sin Data,Indefinido,Jornada Completa,Sin Data,Open To Work,Sin Data
2026-01-17,Trabajoscom,Gipuzkoa,Todo Gipuzkoa,INGENIERIA INFORMATICA,Sin Data,Sin Data,Indefinido,Jornada Completa,Sin Data,AdegiLan,Sin Data
2026-01-17,Trabajoscom,Gipuzkoa,Todo Gipuzkoa,Adjunto/a departamento recambios,30 € - 42 €,Sin Data,Indefinido,Jornada Completa,Sin Data,AdegiLan,Sin Data
2026-01-17,Trabajoscom,Gipuzkoa,Todo Gipuzkoa,Coordinador/a de mantenimiento eléctrico,Sin Data,Sin Data,Indefinido,Jornada Indiferente,Sin Data,AdegiLan,Sin Data
2026-01-17,Trabajoscom,Gipuzkoa,Todo Gipuzkoa,INGENIERO/A MANTENIMIENTO ELECTRICO INDUSTRIAL,Sin Data,Sin Data,Indefinido,Jornada Completa,Sin Data,AdegiLan,Sin Data
2026-01-17,Trabajoscom,Madrid,Todo Madrid,Controller con inglés,Sin Data,Sin Data,Indefinido,Jornada Indiferente,Sin Data,Page Personnel ETT,Sin Data
2026-01-17,Trabajoscom,Barcelona,Todo Barcelona,"Terapeuta Ocupacional en Winsen, Alemania",Sin Data,Sin Data,Indefinido,Jornada Completa,Sin Data,TTA Personal GmbH,Sin Data
2026-01-17,Trabajoscom,Tarragona,Tarragona,"Terapeuta Ocupacional en Winsen, Alemania",Sin Data,Sin Data,Indefinido,Jornada Completa,Sin Data,TTA Personal GmbH,Sin Data
2026-01-17,Trabajoscom,Gipuzkoa,Todo Gipuzkoa,Mandrinador,Sin Data,Sin Data,Indefinido,Jornada Completa,Sin Data,EY,Sin Data
2026-01-17,Trabajoscom,Zaragoza,Todo Zaragoza,"Terapeuta Ocupacional en Winsen, Alemania",Sin Data,Sin Data,Indefinido,Jornada Completa,Sin Data,TTA Personal GmbH,Sin Data
2026-01-17,Trabajoscom,Asturias,Asturias,"Terapeuta Ocupacional en Winsen, Alemania",Sin Data,Sin Data,Indefinido,Jornada Completa,Sin Data,TTA Personal GmbH,Sin Data
2026-01-17,Trabajoscom,Teruel,Todo Teruel,"Terapeuta Ocupacional en Winsen, Alemania",Sin Data,Sin Data,Indefinido,Jornada Completa,Sin Data,TTA Personal GmbH,Sin Data
2026-01-17,Trabajoscom,Zamora,Todo Zamora,"Terapeuta Ocupacional en Winsen, Alemania",Sin Data,Sin Data,Indefinido,Jornada Completa,Sin Data,TTA Personal GmbH,Sin Data
2026-01-17,Trabajoscom,Huesca,Graus,Personal de Limpieza en Graus,Sin Data,Sin Data,De duracion determinada,Jornada Indiferente,Sin Data,Limcamar,Sin Data
2026-01-17,Trabajoscom,Ceuta,Ceuta,"Terapeuta Ocupacional en Winsen, Alemania",Sin Data,Sin Data,Indefinido,Jornada Completa,Sin Data,TTA Personal GmbH,Sin Data
2026-01-17,Trabajoscom,Barcelona,Barcelona,Gerente oficina Barcelona el Carmelo,22.700 € - 40.000 €,Sin Data,Indefinido,Jornada Completa,Sin Data,SGS Seguros Santalucía,Sin Data
2026-01-17,Trabajoscom,Tarragona,El Vendrell,Gerente oficina El Vendrell,22.700 € - 40.000 €,Sin Data,Indefinido,Jornada Completa,Sin Data,SGS Seguros Santalucía,Sin Data
2026-01-17,Trabajoscom,Huesca,Huesca,¡URGENTE! POR AMPLIACIÓN DE PLANTILLA,Sin Data,Sin Data,Indefinido,Media Jornada,Sin Data,Importante Empresa Nacional en Expansión,Sin Data
2026-01-17,Trabajoscom,Burgos,Todo Burgos,Mozo/a almacén fontanería,Sin Data,Sin Data,Indefinido,Jornada Completa,Sin Data,EY,Sin Data
2026-01-17,Trabajoscom,Murcia,Todo Murcia,Mozo de almacén (H/M),Sin Data,Sin Data,Indefinido,Jornada Completa,Sin Data,EY,Sin Data
2026-01-17,Trabajoscom,Barcelona,Todo Barcelona,Customer Service Export,Sin Data,Sin Data,Indefinido,Jornada Indiferente,Sin Data,Page Personnel ETT,Sin Data
2026-01-17,Trabajoscom,Madrid,Todo Madrid,Técnico de unidad de apoyo con discapacidad,Sin Data,Sin Data,Indefinido,Jornada Indiferente,Sin Data,Page Personnel ETT,Sin Data
2026-01-17,Trabajoscom,Barcelona,Todo Barcelona,Administrativo/ introduccion de datos,Sin Data,Sin Data,Indefinido,Jornada Completa,Sin Data,EY,Sin Data
2026-01-17,Trabajoscom,Zaragoza,Todo Zaragoza,"Terapeuta Ocupacional en Winsen, Alemania",Sin Data,Sin Data,Indefinido,Jornada Completa,Sin Data,TTA Personal GmbH,Sin Data
2026-01-17,Trabajoscom,Asturias,Asturias,"Terapeuta Ocupacional en Winsen, Alemania",Sin Data,Sin Data,Indefinido,Jornada Completa,Sin Data,TTA Personal GmbH,Sin Data
2026-01-17,Trabajoscom,Teruel,Todo Teruel,"Terapeuta Ocupacional en Winsen, Alemania",Sin Data,Sin Data,Indefinido,Jornada Completa,Sin Data,TTA Personal GmbH,Sin Data
2026-01-17,Trabajoscom,Zamora,Todo Zamora,"Terapeuta Ocupacional en Winsen, Alemania",Sin Data,Sin Data,Indefinido,Jornada Completa,Sin Data,TTA Personal GmbH,Sin Data
2026-01-17,Trabajoscom,Huesca,Graus,Personal de Limpieza en Graus,Sin Data,Sin Data,De duracion determinada,Jornada Indiferente,Sin Data,Limcamar,Sin Data
2026-01-17,Trabajoscom,Ceuta,Ceuta,"Terapeuta Ocupacional en Winsen, Alemania",Sin Data,Sin Data,Indefinido,Jornada Completa,Sin Data,TTA Personal GmbH,Sin Data
2026-01-17,Trabajoscom,Granada,Todo Granada,"Terapeuta Ocupacional en Winsen, Alemania",Sin Data,Sin Data,Indefinido,Jornada Completa,Sin Data,TTA Personal GmbH,Sin Data
2026-01-17,Trabajoscom,Albacete,Albacete,"Terapeuta Ocupacional en Winsen, Alemania",Sin Data,Sin Data,Indefinido,Jornada Completa,Sin Data,TTA Personal GmbH,Sin Data
2026-01-17,Trabajoscom,Tenerife,Todo Tenerife,"Terapeuta Ocupacional en Winsen, Alemania",Sin Data,Sin Data,Indefinido,Jornada Completa,Sin Data,TTA Personal GmbH,Sin Data
2026-01-17,Trabajoscom,Bizkaia,Todo Bizkaia,"Terapeuta Ocupacional en Winsen, Alemania",Sin Data,Sin Data,Indefinido,Jornada Completa,Sin Data,TTA Personal GmbH,Sin Data
2026-01-17,Trabajoscom,Alicante,Alicante,"Terapeuta Ocupacional en Winsen, Alemania",Sin Data,Sin Data,Indefinido,Jornada Completa,Sin Data,TTA Personal GmbH,Sin Data
2026-01-17,Trabajoscom,A Coruña,A Coruña,"Terapeuta Ocupacional en Winsen, Alemania",Sin Data,Sin Data,Indefinido,Jornada Completa,Sin Data,TTA Personal GmbH,Sin Data
2026-01-17,Trabajoscom,Pontevedra,Pontevedra,"Terapeuta Ocupacional en Winsen, Alemania",Sin Data,Sin Data,Indefinido,Jornada Completa,Sin Data,TTA Personal GmbH,Sin Data
2026-01-17,Trabajoscom,Málaga,Todo Málaga,"Terapeuta Ocupacional en Winsen, Alemania",Sin Data,Sin Data,Indefinido,Jornada Completa,Sin Data,TTA Personal GmbH,Sin Data
2026-01-17,Trabajoscom,Huelva,Huelva,"Terapeuta Ocupacional en Winsen, Alemania",Sin Data,Sin Data,Indefinido,Jornada Completa,Sin Data,TTA Personal GmbH,Sin Data
2026-01-17,Trabajoscom,Murcia,Murcia,"Terapeuta Ocupacional en Winsen, Alemania",Sin Data,Sin Data,Indefinido,Jornada Completa,Sin Data,TTA Personal GmbH,Sin Data
2026-01-17,Trabajoscom,Segovia,Todo Segovia,"Terapeuta Ocupacional en Winsen, Alemania",Sin Data,Sin Data,Indefinido,Jornada Completa,Sin Data,TTA Personal GmbH,Sin Data
2026-01-17,Trabajoscom,Lleida,Lleida,"Terapeuta Ocupacional en Winsen, Alemania",Sin Data,Sin Data,Indefinido,Jornada Completa,Sin Data,TTA Personal GmbH,Sin Data
2026-01-17,Trabajoscom,Soria,Todo Soria,"Terapeuta Ocupacional en Winsen, Alemania",Sin Data,Sin Data,Indefinido,Jornada Completa,Sin Data,TTA Personal GmbH,Sin Data
2026-01-17,Trabajoscom,Madrid,Todo Madrid,"Terapeuta Ocupacional en Winsen, Alemania",Sin Data,Sin Data,Indefinido,Jornada Completa,Sin Data,TTA Personal GmbH,Sin Data
2026-01-17,Trabajoscom,Lleida,Vila-Sana,CAMARERO/A,Sin Data,Sin Data,Indefinido,Jornada Completa,Sin Data,Iman Temporing,Sin Data
2026-01-17,Trabajoscom,Barcelona,Barcelona,Gerente oficina Barcelona el Carmelo,22.700 € - 40.000 €,Sin Data,Indefinido,Jornada Completa,Sin Data,SGS Seguros Santalucía,Sin Data
2026-01-17,Trabajoscom,Tarragona,El Vendrell,Gerente oficina El Vendrell,22.700 € - 40.000 €,Sin Data,Indefinido,Jornada Completa,Sin Data,SGS Seguros Santalucía,Sin Data
2026-01-17,Trabajoscom,Huesca,Huesca,¡URGENTE! POR AMPLIACIÓN DE PLANTILLA,Sin Data,Sin Data,Indefinido,Media Jornada,Sin Data,Importante Empresa Nacional en Expansión,Sin Data
2026-01-17,Trabajoscom,Murcia,Todo Murcia,Mozo de almacén (H/M),Sin Data,Sin Data,Indefinido,Jornada Completa,Sin Data,EY,Sin Data
2026-01-17,Trabajoscom,Burgos,Todo Burgos,Mozo/a almacén fontanería,Sin Data,Sin Data,Indefinido,Jornada Completa,Sin Data,EY,Sin Data
2026-01-17,Trabajoscom,Barcelona,Todo Barcelona,Customer Service Export,Sin Data,Sin Data,Indefinido,Jornada Indiferente,Sin Data,Page Personnel ETT,Sin Data
2026-01-17,Trabajoscom,Madrid,Todo Madrid,Técnico de unidad de apoyo con discapacidad,Sin Data,Sin Data,Indefinido,Jornada Indiferente,Sin Data,Page Personnel ETT,Sin Data
2026-01-17,Trabajoscom,Barcelona,Todo Barcelona,Administrativo/ introduccion de datos,Sin Data,Sin Data,Indefinido,Jornada Completa,Sin Data,EY,Sin Data
2026-01-17,Trabajoscom,Valencia,Todo Valencia,Brand Marketing Manager - Inglés Alto,Sin Data,Sin Data,Indefinido,Jornada Indiferente,Sin Data,Page Personnel ETT,Sin Data
2026-01-17,Trabajoscom,Barcelona,Todo Barcelona,Talent Acquisition Specialist - French,Sin Data,Sin Data,Indefinido,Jornada Indiferente,Sin Data,Page Personnel ETT,Sin Data
2026-01-17,Trabajoscom,Gipuzkoa,Todo Gipuzkoa,Soldador,Sin Data,Sin Data,Indefinido,Jornada Indiferente,Sin Data,EY,Sin Data
2026-01-17,Trabajoscom,Madrid,Todo Madrid,Controller con inglés,Sin Data,Sin Data,Indefinido,Jornada Indiferente,Sin Data,Page Personnel ETT,Sin Data
2026-01-17,Trabajoscom,Barcelona,Todo Barcelona,Product manager grupo de compra: Suministro Industrial,Sin Data,Sin Data,Indefinido,Jornada Indiferente,Sin Data,Page Personnel ETT,Sin Data
2026-01-17,Trabajoscom,Gipuzkoa,Zarautz,MONITOR/A GIMNASIA - ZARAUTZ,15 €,Sin Data,Fijo discontinuo,Trabajo Por Horas,Sin Data,Hartford,Sin Data
2026-01-17,Trabajoscom,Barcelona,Todo Barcelona,Responsable de Administración,Sin Data,Sin Data,Indefinido,Jornada Indiferente,Sin Data,Page Personnel ETT,Sin Data
2026-01-17,Trabajoscom,Madrid,Madrid,Psicólogo/a para proyecto psicopedagógico de dificultades en el aprendizaje,Sin Data,Sin Data,Fijo discontinuo,Jornada Completa,Sin Data,Hartford,Sin Data
2026-01-17,Trabajoscom,Teruel,Todo Teruel,Técnico electromecánico,Sin Data,Sin Data,Indefinido,Jornada Completa,Sin Data,Iman Temporing,Sin Data
2026-01-17,Trabajoscom,Valencia,Manises,Vigilante de Seguridad AEROPUERTO DE MANISES,Sin Data,Sin Data,Indefinido,Jornada Completa,Sin Data,Iman Seguridad,Sin Data
2026-01-17,Trabajoscom,Navarra,Pamplona/iruña,Operario/a de Mantenimiento de Baterías y E.I.,Sin Data,Sin Data,De duracion determinada,Jornada Completa,Sin Data,Iman Temporing,Sin Data
2026-01-17,Trabajoscom,Bizkaia,Amorebieta-Etxano,Operario/a Montaje Eléctrico - Proyecto Estable,26.409 €,Sin Data,De duracion determinada,Jornada Completa,Sin Data,Iman Temporing,Sin Data
2026-01-17,Trabajoscom,Bizkaia,Galdakao,Repartidor/a furgoneta grande. Reparto a empresas,Sin Data,Sin Data,De duracion determinada,Jornada Completa,Sin Data,Iman Temporing,Sin Data
2026-01-17,Trabajoscom,Navarra,Pamplona/iruña,Repartidor/a,Sin Data,Sin Data,De duracion determinada,Jornada Completa,Sin Data,Iman Temporing,Sin Data
2026-01-17,Trabajoscom,Málaga,Todo Málaga,Conductor/a Camión C Reparto,Sin Data,Sin Data,De duracion determinada,Jornada Completa,Sin Data,Iman Temporing,Sin Data
2026-01-17,Trabajoscom,Madrid,Todo Madrid,Coordinador/a Contact Center. Turno Tarde,17.000 € - 20.000 €,Sin Data,Indefinido,Media Jornada,Sin Data,Iman Temporing,Sin Data
2026-01-17,Trabajoscom,Sevilla,Todo Sevilla,Mecánico/a de Vehículo Industriales  / Sevilla,25.400 € - 26.500 €,Sin Data,Indefinido,Jornada Completa,Sin Data,Iman Global Consulting,Sin Data
2026-01-17,Trabajoscom,Navarra,Pamplona/iruña,Operario/a de Mantenimiento de Baterías y E.I.,Sin Data,Sin Data,De duracion determinada,Jornada Completa,Sin Data,Iman Temporing,Sin Data
2026-01-17,Trabajoscom,Navarra,Pamplona/iruña,Técnic@ de Mantenimiento de Equipos de Manutención,Sin Data,Sin Data,De duracion determinada,Jornada Completa,Sin Data,Iman Temporing,Sin Data
2026-01-17,Trabajoscom,Navarra,Marcilla,Responsable de Calidad Producción,25.000 € - 30.000 €,Sin Data,Indefinido,Jornada Completa,Sin Data,Iman Temporing,Sin Data
2026-01-17,Trabajoscom,Barcelona,Todo Barcelona,Vigilantes Seguridad Centro Digital Datos nocturno,Sin Data,Sin Data,Indefinido,Jornada Completa,Sin Data,Iman Seguridad,Sin Data
2026-01-17,Trabajoscom,Castellón,Todo Castellón,Un/a  Maquinista en esmaltación.,Sin Data,Sin Data,Indefinido,Jornada Completa,Sin Data,Iman Temporing,Sin Data
2026-01-17,Trabajoscom,Madrid,Valdemoro,Electromecánico vehículos industriales -Valdemoro,Sin Data,Sin Data,De duracion determinada,Jornada Completa,Sin Data,Iman Temporing,Sin Data
2026-01-17,Trabajoscom,Barcelona,Sant Joan Despi,Asistente Comercial de Exportación (Inglés),Sin Data,Sin Data,De duracion determinada,Jornada Completa,Sin Data,Iman Temporing,Sin Data
2026-01-17,Trabajoscom,Burgos,Todo Burgos,URGENTE OPERARIO/AS DE MECANIZADO,Sin Data,Sin Data,De duracion determinada,Jornada Completa,Sin Data,Iman Temporing,Sin Data
2026-01-17,Trabajoscom,Madrid,Algete,Operario/a de Fabrica Electricista,Sin Data,Sin Data,Indefinido,Jornada Completa,Sin Data,Iman Temporing,Sin Data
2026-01-17,Trabajoscom,Barcelona,Santa Perpetua De Mogoda,Técnico/a de Tráfico e Incidencias,Sin Data,Sin Data,Indefinido,Jornada Completa,Sin Data,Iman Temporing,Sin Data
2026-01-17,Trabajoscom,Araba,Vitoria-Gasteiz,Operario/a pulido y rebabado,Sin Data,Sin Data,De duracion determinada,Jornada Completa,Sin Data,Crit Interim España ETT,Sin Data
2026-01-17,Trabajoscom,Jaén,Todo Jaén,Operario/a Mantenimiento Industrial,Sin Data,Sin Data,De duracion determinada,Jornada Completa,Sin Data,Crit Interim España ETT,Sin Data
2026-01-17,Trabajoscom,Valencia,Benifairo De La Valldigna,Encajador/a en Benifairo de la Valldigna,Sin Data,Sin Data,Indefinido,Jornada Completa,Sin Data,Crit Interim España ETT,Sin Data
2026-01-17,Trabajoscom,Barcelona,Puig-Reig,"Enfermero/a - DUE Centro Residencial DomusVi Mont Martí (Puig-reig, Barcelona)",Sin Data,Sin Data,Indefinido,Jornada Completa,Sin Data,DomusVi,Sin Data
2026-01-17,Trabajoscom,Valencia,Albal,Soldador/a MIG MAG- Zona Albal,20.000 € - 24.000 €,Sin Data,De duracion determinada,Jornada Completa,Sin Data,Iman Temporing,Sin Data
2026-01-17,Trabajoscom,Barcelona,Sant Esteve Sesrovires,Operario/a polivalente- Sant Esteve de Sesrovires,Sin Data,Sin Data,De duracion determinada,Jornada Completa,Sin Data,Crit Interim España ETT,Sin Data
2026-01-17,Trabajoscom,Barcelona,Lliça D'amunt,Operario/a Insertos,Sin Data,Sin Data,De duracion determinada,Jornada Completa,Sin Data,Crit Interim España ETT,Sin Data
2026-01-17,Trabajoscom,A Coruña,Ribeira,Fisioterapeuta Centro Residencial DomusVi Riveira,Sin Data,Sin Data,Indefinido,Jornada Completa,Sin Data,DomusVi,Sin Data
2026-01-17,Trabajoscom,Barcelona,Sabadell,Responsable de calidad,Sin Data,Sin Data,Indefinido,Jornada Completa,Sin Data,Crit Interim España ETT,Sin Data
2026-01-17,Trabajoscom,Barcelona,Sabadell,Técnico/a de calidad,Sin Data,Sin Data,Indefinido,Jornada Completa,Sin Data,Iman Temporing,Sin Data
2026-01-17,Trabajoscom,Barcelona,Todo Barcelona,Administrativo/a,13 €,Sin Data,De duracion determinada,Jornada Completa,Sin Data,Iman Temporing,Sin Data
2026-01-17,Trabajoscom,Valencia,La Pobla Llarga,Carretillero/a La Pobla Llarga,Sin Data,Sin Data,De duracion determinada,Jornada Completa,Sin Data,Crit Interim España ETT,Sin Data
2026-01-17,Trabajoscom,Sevilla,Todo Sevilla,Subgobernante/a de Hotel,Sin Data,Sin Data,Indefinido,Jornada Completa,Sin Data,Consorcio Andaluz de Servicios Integrales,Sin Data
2026-01-17,Trabajoscom,Zaragoza,Todo Zaragoza,Soldador/a Polivalente,Sin Data,Sin Data,De duracion determinada,Jornada Completa,Sin Data,Crit Interim España ETT,Sin Data
2026-01-17,Trabajoscom,Navarra,Tudela,ADMINISTRATIVO/A DE LOGISTICA,Sin Data,Sin Data,Indefinido,Jornada Completa,Sin Data,Pacto,Sin Data
2026-01-17,Trabajoscom,Barcelona,Vilassar De Dalt,RESPONSABLE DE MONTAJE,Sin Data,Sin Data,Indefinido,Jornada Indiferente,Sin Data,Iman Temporing,Sin Data
2026-01-17,Trabajoscom,Madrid,Todo Madrid,Operario/a Producción (sector farmacéutico) noches,25.000 € - 30.000 €,Sin Data,Indefinido,Jornada Completa,Sin Data,Crit Interim España ETT,Sin Data
2026-01-17,Trabajoscom,Barcelona,Sabadell,Operario/a corte laser,Sin Data,Sin Data,Indefinido,Jornada Completa,Sin Data,Crit Interim España ETT,Sin Data
2026-01-17,Trabajoscom,Sevilla,Todo Sevilla,Técnico/a de Recursos Humanos,Sin Data,Sin Data,Indefinido,Jornada Completa,Sin Data,Iman Temporing,Sin Data
2026-01-17,Trabajoscom,Baleares,Palma De Mallorca,Oficial de 3ª,Sin Data,Sin Data,De duracion determinada,Jornada Completa,Sin Data,Iman Temporing,Sin Data
2026-01-17,Trabajoscom,Girona,Hostalric,OPERARIO/A PRODUCCIÓN CUARTO TURNO,Sin Data,Sin Data,Indefinido,Jornada Completa,Sin Data,Pacto,Sin Data
2026-01-17,Trabajoscom,Cádiz,Jerez De La Frontera,Jefe/a de Campo y Producción,Sin Data,Sin Data,Indefinido,Jornada Completa,Sin Data,Crit Interim España ETT,Sin Data
2026-01-17,Trabajoscom,Tarragona,Tarragona,Gerocultor/a - Auxiliar de enfermería Centro Residencial DomusVi Tarragona Ciutat,Sin Data,Sin Data,Indefinido,Jornada Completa,Sin Data,DomusVi,Sin Data
2026-01-17,Trabajoscom,Madrid,Griñon,Responsable de almacén,Sin Data,Sin Data,Indefinido,Jornada Completa,Sin Data,Iman Temporing,Sin Data
2026-01-17,Trabajoscom,Cádiz,Jerez De La Frontera,Jefe/a de Campo y Producción,Sin Data,Sin Data,Indefinido,Jornada Completa,Sin Data,Crit Interim España ETT,Sin Data
2026-01-17,Trabajoscom,Araba,Vitoria-Gasteiz,Carretillero/a retractil frio,22.000 €,Sin Data,De duracion determinada,Jornada Completa,Sin Data,Crit Interim España ETT,Sin Data
2026-01-17,Trabajoscom,S.C. Tenerife,Arona,Consultor/a rrhh,Sin Data,Sin Data,Indefinido,Jornada Completa,Sin Data,Pacto,Sin Data
2026-01-17,Trabajoscom,Valencia,Almussafes,OPERARIO/ CALIDAD,Sin Data,Sin Data,Indefinido,Jornada Completa,Sin Data,Iman Temporing,Sin Data
2026-01-17,Trabajoscom,Madrid,Alcala De Henares,Higienista dental,Sin Data,Sin Data,Indefinido,Jornada Completa,Sin Data,Crit Interim España ETT,Sin Data
2026-01-17,Trabajoscom,Sevilla,Todo Sevilla,Técnico/a de Recursos Humanos,Sin Data,Sin Data,Indefinido,Jornada Completa,Sin Data,Iman Temporing,Sin Data
2026-01-17,Trabajoscom,Baleares,Palma De Mallorca,Oficial de 3ª,Sin Data,Sin Data,De duracion determinada,Jornada Completa,Sin Data,Iman Temporing,Sin Data
2026-01-17,Trabajoscom,Navarra,Pamplona/iruña,PINTOR/A  DE ESTRUCTURA METÁLICA,16 €,Sin Data,Indefinido,Jornada Completa,Sin Data,Pacto,Sin Data
2026-01-17,Trabajoscom,Barcelona,Vilassar De Dalt,RESPONSABLE DE MONTAJE,Sin Data,Sin Data,Indefinido,Jornada Indiferente,Sin Data,Iman Temporing,Sin Data
2026-01-17,Trabajoscom,Valencia,Todo Valencia,Electricista (H/M),Sin Data,Sin Data,Indefinido,Jornada Completa,Sin Data,Iman Temporing,Sin Data
2026-01-17,Trabajoscom,León,Todo León,MOZO MONTAJE TIENDA,Sin Data,Sin Data,De duracion determinada,Jornada Completa,Sin Data,Iman Temporing,Sin Data
2026-01-17,Trabajoscom,Barcelona,Mollet Del Valles,Administratiu/va Comptable,Sin Data,Sin Data,Indefinido,Jornada Completa,Sin Data,Iman Temporing,Sin Data
2026-01-17,Trabajoscom,Barcelona,Barcelona,Comercial de seguros BARCELONA SANTS (L a V) (Fijo + Variable).,Sin Data,Sin Data,Autonomo,Jornada Indiferente,Sin Data,SGS Seguros Santalucía,Sin Data
2026-01-17,Trabajoscom,Las Palmas,Galdar,Comercial de seguros Gáldar,Sin Data,Sin Data,Autonomo,Jornada Indiferente,Sin Data,SGS Seguros Santalucía,Sin Data
2026-01-17,Trabajoscom,Barcelona,Sabadell,Comercial de seguros SABADELL (Barcelona) (L a V) (Fijo + Variable).,Sin Data,Sin Data,Autonomo,Jornada Indiferente,Sin Data,SGS Seguros Santalucía,Sin Data
2026-01-17,Trabajoscom,Castellón,Soneja,OPERARIO/A FABRICA PALLETS SONEJA,18.000 € - 24.000 €,Sin Data,Indefinido,Jornada Completa,Sin Data,Iman Temporing,Sin Data
2026-01-17,Trabajoscom,Barcelona,Teia,Jardinera/o brigada itinerante.   Teià,21.300 €,Sin Data,Indefinido,Jornada Completa,Sin Data,Talher,Sin Data
2026-01-17,Trabajoscom,Barcelona,Barcelona,Especialista de limpieza.  Barcelona,333 €,Sin Data,Indefinido,Jornada Indiferente,Sin Data,CLECE,Sin Data
2026-01-17,Trabajoscom,Burgos,Todo Burgos,Comercial Oficina con Árabe e inglés,Sin Data,Sin Data,Indefinido,Jornada Completa,Sin Data,EY,Sin Data
2026-01-17,Trabajoscom,Madrid,Todo Madrid,Ingeniero/a industrial - URGE,Sin Data,Sin Data,Indefinido,Jornada Completa,Sin Data,EY,Sin Data
2026-01-17,Trabajoscom,Albacete,Todo Albacete,"Vendedor-a o Colaborador sin exclusividad, con Alta Comisión e incentivos.",Sin Data,Sin Data,Indefinido,Jornada Completa,Sin Data,EY,Sin Data
2026-01-17,Trabajoscom,Madrid,Todo Madrid,Técnico/a Cualificado en PCI – Instalaciones Contra Incendios (H/M),Sin Data,Sin Data,Indefinido,Jornada Indiferente,Sin Data,EY,Sin Data
2026-01-17,Trabajoscom,Gipuzkoa,Todo Gipuzkoa,Estadístico/a,18 € - 30 €,Sin Data,Indefinido,Jornada Completa,Sin Data,AdegiLan,Sin Data
2026-01-17,Trabajoscom,Gipuzkoa,Todo Gipuzkoa,Técnico-a de Admisiones,Sin Data,Sin Data,Indefinido,Jornada Completa,Sin Data,AdegiLan,Sin Data
2026-01-17,Trabajoscom,Gipuzkoa,Todo Gipuzkoa,TECNICOA COMERCIAL,Sin Data,Sin Data,Indefinido,Jornada Completa,Sin Data,AdegiLan,Sin Data
2026-01-17,Trabajoscom,Gipuzkoa,Todo Gipuzkoa,Inside Sales Specialist,Sin Data,Sin Data,Indefinido,Jornada Completa,Sin Data,AdegiLan,Sin Data
2026-01-17,Trabajoscom,Gipuzkoa,Todo Gipuzkoa,COMERCIAL,Sin Data,Sin Data,Indefinido,Jornada Indiferente,Sin Data,AdegiLan,Sin Data
2026-01-17,Trabajoscom,Gipuzkoa,Todo Gipuzkoa,Técnico/a de mantenimiento eléctrico,Sin Data,Sin Data,Indefinido,Jornada Indiferente,Sin Data,AdegiLan,Sin Data
2026-01-17,Trabajoscom,Gipuzkoa,Todo Gipuzkoa,Gida hezitzailea - San Telmo Museoa,Sin Data,Sin Data,Indefinido,Jornada Indiferente,Sin Data,AdegiLan,Sin Data
2026-01-17,Trabajoscom,Gipuzkoa,Todo Gipuzkoa,Gestor-a de Oficina de Estudiantes,Sin Data,Sin Data,Indefinido,Jornada Completa,Sin Data,AdegiLan,Sin Data
2026-01-17,Trabajoscom,Gipuzkoa,Todo Gipuzkoa,Coordinador/a de mantenimiento mecánico,Sin Data,Sin Data,De duracion determinada,Jornada Completa,Sin Data,AdegiLan,Sin Data
2026-01-17,Trabajoscom,Gipuzkoa,Todo Gipuzkoa,TECNICO/A COMERCIAL,Sin Data,Sin Data,De duracion determinada,Jornada Completa,Sin Data,AdegiLan,Sin Data
2026-01-17,Trabajoscom,Gipuzkoa,Todo Gipuzkoa,INGENIERO/A DE FABRICACION,Sin Data,Sin Data,Indefinido,Jornada Completa,Sin Data,AdegiLan,Sin Data
2026-01-17,Trabajoscom,Madrid,Madrid,Centro de bricolaje necesita cajero/ra,Sin Data,Sin Data,Relevo,Jornada Completa,Sin Data,Superkit Distribuciones,Sin Data
2026-01-17,Trabajoscom,Cáceres,Caceres,ATENCION AL CLIENTE,Sin Data,Sin Data,Indefinido,Media Jornada,Sin Data,Importante Empresa Nacional en Expansión,Sin Data
2026-01-17,Trabajoscom,Gipuzkoa,Donostia-San Sebastian,INGRESOS EXTRAS,Sin Data,Sin Data,Indefinido,Media Jornada,Sin Data,Importante Empresa Nacional en Expansión,Sin Data
2026-01-17,Trabajoscom,Lleida,Lleida,ASESORA DE NUTRICIÓN Y BELLEZA,Sin Data,Sin Data,Indefinido,Media Jornada,Sin Data,Importante Empresa Nacional en Expansión,Sin Data
2026-01-17,Trabajoscom,Madrid,Todo Madrid,Atencion al Inversor con inglés,Sin Data,Sin Data,Indefinido,Jornada Indiferente,Sin Data,Page Personnel ETT,Sin Data
2026-01-17,Trabajoscom,Tarragona,Todo Tarragona,Montador de toldos,Sin Data,Sin Data,Indefinido,Jornada Completa,Sin Data,EY,Sin Data
2026-01-17,Trabajoscom,Alicante,Todo Alicante,Gestion de Tesorería y Administración,Sin Data,Sin Data,Indefinido,Jornada Indiferente,Sin Data,Page Personnel ETT,Sin Data
2026-01-17,Trabajoscom,Barcelona,Todo Barcelona,Técnico SAT,Sin Data,Sin Data,Indefinido,Jornada Indiferente,Sin Data,Page Personnel ETT,Sin Data
2026-01-17,Trabajoscom,La Rioja,Alfaro,Carretillero/a Alfaro,9 € - 10 €,Sin Data,De duracion determinada,Jornada Completa,Sin Data,Grupo Adecco,Sin Data
2026-01-17,Trabajoscom,Madrid,Alcobendas,Técnico/a Electrónica-Electricidad Junior,18.000 € - 22.000 €,Sin Data,Indefinido,Jornada Completa,Sin Data,Grupo Adecco,Sin Data
2026-01-17,Trabajoscom,Barcelona,Barcelona,Agente inmobiliario en la Nova Esquerra de l' Eixample,2.000 € - 3.000 €,Sin Data,Indefinido,Jornada Completa,Sin Data,Tecnocasa Estudi Roma 2000,Sin Data
2026-01-17,Trabajoscom,Alicante,Todo Alicante,Técnico de Marketing y Diseño,Sin Data,Sin Data,Indefinido,Jornada Indiferente,Sin Data,Page Personnel ETT,Sin Data
2026-01-17,Trabajoscom,Madrid,Todo Madrid,Secretaria/o inglés fluido,Sin Data,Sin Data,Indefinido,Jornada Indiferente,Sin Data,Page Personnel ETT,Sin Data
2026-01-17,Trabajoscom,León,Todo León,COMERCIAL- ADMINISTRATIVO (MEDIA JORNADA),Sin Data,Sin Data,Indefinido,Jornada Indiferente,Sin Data,Manpower Trabajo Temporal,Sin Data
2026-01-17,Trabajoscom,Gipuzkoa,Todo Gipuzkoa,Tornero CNC,Sin Data,Sin Data,Indefinido,Jornada Completa,Sin Data,EY,Sin Data
2026-01-17,Trabajoscom,Valencia,Todo Valencia,SOLDADOR (H/M/X),Sin Data,Sin Data,Indefinido,Jornada Indiferente,Sin Data,Manpower Trabajo Temporal,Sin Data
2026-01-17,Trabajoscom,Bizkaia,Bilbao,MONITOR/A BAILES DE SALON - BILBAO,20 €,Sin Data,Fijo discontinuo,Trabajo Por Horas,Sin Data,Hartford,Sin Data
2026-01-17,Trabajoscom,Madrid,Todo Madrid,Ingeniero de cálculo de estructuras edificación (h/m),Sin Data,Sin Data,Indefinido,Jornada Indiferente,Sin Data,Page Personnel ETT,Sin Data
2026-01-17,Trabajoscom,Palmas,Todo Palmas,"Terapeuta Ocupacional en Winsen, Alemania",Sin Data,Sin Data,Indefinido,Jornada Completa,Sin Data,TTA Personal GmbH,Sin Data
2026-01-17,Trabajoscom,Madrid,Todo Madrid,Repartidor/a con Moto propia - Madrid,9 € - 11 €,Sin Data,Fijo discontinuo,Jornada Completa,Sin Data,Grupo Adecco,Sin Data
2026-01-17,Trabajoscom,Madrid,Alcala De Henares,Montador/a de estructuras,18.000 € - 24.000 €,Sin Data,Indefinido,Jornada Completa,Sin Data,Grupo Adecco,Sin Data
2026-01-17,Trabajoscom,Guadalajara,Cabanillas Del Campo,Carretillero/a de retráctil y doble uña,20.000 € - 22.000 €,Sin Data,De duracion determinada,Jornada Completa,Sin Data,Grupo Adecco,Sin Data
2026-01-17,Trabajoscom,Valencia,Massanassa,"Carpintero Metálico con experiencia – Puesto estable, salario competitivo y crecimiento",1.500 € - 1.800 €,Sin Data,Indefinido,Jornada Completa,Sin Data,Vikomar,Sin Data
2026-01-17,Trabajoscom,Madrid,Todo Madrid,Assistant C1 - temporalidad,Sin Data,Sin Data,Indefinido,Jornada Indiferente,Sin Data,Page Personnel ETT,Sin Data
2026-01-17,Trabajoscom,Madrid,Todo Madrid,"Instalador/a, cableador/a eléctrico",Sin Data,Sin Data,Indefinido,Jornada Completa,Sin Data,Grupo Adecco,Sin Data
2026-01-17,Trabajoscom,Girona,Girona,"Terapeuta Ocupacional en Winsen, Alemania",Sin Data,Sin Data,Indefinido,Jornada Completa,Sin Data,TTA Personal GmbH,Sin Data
2026-01-17,Trabajoscom,Cádiz,Cadiz,"Terapeuta Ocupacional en Winsen, Alemania",Sin Data,Sin Data,Indefinido,Jornada Completa,Sin Data,TTA Personal GmbH,Sin Data
2026-01-17,Trabajoscom,Guadalajara,Todo Guadalajara,"Terapeuta Ocupacional en Winsen, Alemania",Sin Data,Sin Data,Indefinido,Jornada Completa,Sin Data,TTA Personal GmbH,Sin Data
2026-01-17,Trabajoscom,Cantabria,Todo Cantabria,"Terapeuta Ocupacional en Winsen, Alemania",Sin Data,Sin Data,Indefinido,Jornada Completa,Sin Data,TTA Personal GmbH,Sin Data
2026-01-17,Trabajoscom,Burgos,Todo Burgos,"Terapeuta Ocupacional en Winsen, Alemania",Sin Data,Sin Data,Indefinido,Jornada Completa,Sin Data,TTA Personal GmbH,Sin Data
2026-01-17,Trabajoscom,Ourense,Ourense,"Terapeuta Ocupacional en Winsen, Alemania",Sin Data,Sin Data,Indefinido,Jornada Completa,Sin Data,TTA Personal GmbH,Sin Data
2026-01-17,Trabajoscom,Sevilla,Todo Sevilla,"Terapeuta Ocupacional en Winsen, Alemania",Sin Data,Sin Data,Indefinido,Jornada Completa,Sin Data,TTA Personal GmbH,Sin Data
2026-01-17,Trabajoscom,Navarra,Todo Navarra,"Terapeuta Ocupacional en Winsen, Alemania",Sin Data,Sin Data,Indefinido,Jornada Completa,Sin Data,TTA Personal GmbH,Sin Data
2026-01-17,Trabajoscom,Araba,Todo Araba,"Terapeuta Ocupacional en Winsen, Alemania",Sin Data,Sin Data,Indefinido,Jornada Completa,Sin Data,TTA Personal GmbH,Sin Data
2026-01-17,Trabajoscom,Madrid,Todo Madrid,Contable general,Sin Data,Sin Data,Indefinido,Jornada Indiferente,Sin Data,Page Personnel ETT,Sin Data
2026-01-17,Trabajoscom,Madrid,Todo Madrid,Limpiador/a de coches,Sin Data,Sin Data,Indefinido,Jornada Completa,Sin Data,EY,Sin Data
2026-01-17,Trabajoscom,Madrid,Todo Madrid,Soldador,Sin Data,Sin Data,Indefinido,Jornada Completa,Sin Data,Open To Work,Sin Data
2026-01-17,Trabajoscom,Baleares,Todo Baleares,"Terapeuta Ocupacional en Winsen, Alemania",Sin Data,Sin Data,Indefinido,Jornada Completa,Sin Data,TTA Personal GmbH,Sin Data
2026-01-17,Trabajoscom,Valladolid,Todo Valladolid,"Terapeuta Ocupacional en Winsen, Alemania",Sin Data,Sin Data,Indefinido,Jornada Completa,Sin Data,TTA Personal GmbH,Sin Data
2026-01-17,Trabajoscom,Valencia,Todo Valencia,"Terapeuta Ocupacional en Winsen, Alemania",Sin Data,Sin Data,Indefinido,Jornada Completa,Sin Data,TTA Personal GmbH,Sin Data
2026-01-17,Trabajoscom,Palencia,Venta De Baños,Peón radial con discapacidad,Sin Data,Sin Data,De duracion determinada,Jornada Completa,Sin Data,Iman Temporing,Sin Data
2026-01-17,Trabajoscom,Burgos,Todo Burgos,Administrativo/a talller,Sin Data,Sin Data,Indefinido,Jornada Completa,Sin Data,Iman Temporing,Sin Data
2026-01-17,Trabajoscom,Araba,Vitoria-Gasteiz,"Repartidor/a de paquetería (11,50 €/hora)",Sin Data,Sin Data,De duracion determinada,Jornada Completa,Sin Data,Iman Temporing,Sin Data
2026-01-17,Trabajoscom,Barcelona,Martorell,Chofer/esa tráiler articulado con carnet C+E,Sin Data,Sin Data,De duracion determinada,Jornada Completa,Sin Data,Iman Temporing,Sin Data
2026-01-17,Trabajoscom,Cantabria,Todo Cantabria,Chapista / Pintor Oficial de 1ª - Cantabria,24.000 € - 25.000 €,Sin Data,Indefinido,Jornada Completa,Sin Data,Iman Global Consulting,Sin Data
2026-01-17,Trabajoscom,Lleida,Lleida,TÉCNICO/A DE SAT Y DE AUTOMATISMOS,Sin Data,Sin Data,Indefinido,Jornada Completa,Sin Data,Iman Temporing,Sin Data
2026-01-17,Trabajoscom,Castellón,Onda,Operario/a montaje de moldes.,Sin Data,Sin Data,Indefinido,Jornada Completa,Sin Data,Iman Temporing,Sin Data
2026-01-17,Trabajoscom,Zaragoza,Todo Zaragoza,OPERARIO/A DE GALVANIZADO,Sin Data,Sin Data,De duracion determinada,Jornada Completa,Sin Data,Iman Temporing,Sin Data
2026-01-17,Trabajoscom,Lleida,Alcarras,ELECTROMECANICO/A,Sin Data,Sin Data,Indefinido,Jornada Completa,Sin Data,Iman Temporing,Sin Data
2026-01-17,Trabajoscom,Albacete,Albacete,Técnico/a Microinformático (Albacete),Sin Data,Sin Data,De duracion determinada,Jornada Completa,Sin Data,Iman Temporing,Sin Data
2026-01-17,Trabajoscom,Madrid,Todo Madrid,Auxiliar Administrativo/a de Logística Pinto,Sin Data,Sin Data,De duracion determinada,Jornada Completa,Sin Data,Iman Temporing,Sin Data
2026-01-17,Trabajoscom,Tarragona,Reus,Administrativo/a media jornada,Sin Data,Sin Data,Indefinido,Media Jornada,Sin Data,Iman Temporing,Sin Data
2026-01-17,Trabajoscom,Cantabria,Santander,Teleoperador/a de Televenta,Sin Data,Sin Data,De duracion determinada,Jornada Completa,Sin Data,Iman Temporing,Sin Data
2026-01-17,Trabajoscom,Bizkaia,Mallabia,Almacenero/a,Sin Data,Sin Data,De duracion determinada,Jornada Completa,Sin Data,Iman Temporing,Sin Data
2026-01-17,Trabajoscom,Zaragoza,Todo Zaragoza,AYUDANTE DE COCINA (Media jornada),11 € - 12 €,Sin Data,Indefinido,Media Jornada,Sin Data,Pacto,Sin Data
2026-01-17,Trabajoscom,Bizkaia,Gernika-Lumo,Adjunto/a Financiero/a,Sin Data,Sin Data,Indefinido,Jornada Completa,Sin Data,Iman Global Consulting,Sin Data
2026-01-17,Trabajoscom,Madrid,Valdemoro,Operario/a de Almacén Polivalente con Carnet C+CAP+Tacógrafo,Sin Data,Sin Data,De duracion determinada,Jornada Completa,Sin Data,Iman Temporing,Sin Data
2026-01-17,Trabajoscom,Navarra,Peralta/azkoien,SOLDADOR/A,Sin Data,Sin Data,Indefinido,Jornada Completa,Sin Data,Pacto,Sin Data
2026-01-17,Trabajoscom,Granada,Motril,Carretillero/a,Sin Data,Sin Data,De duracion determinada,Jornada Completa,Sin Data,Iman Temporing,Sin Data
2026-01-17,Trabajoscom,Valencia,Todo Valencia,Carretillero/a (empresa reciclaje metales),Sin Data,Sin Data,De duracion determinada,Jornada Completa,Sin Data,Iman Temporing,Sin Data
2026-01-17,Trabajoscom,Madrid,Todo Madrid,camarero/a de catering + limpieza (madrid),Sin Data,Sin Data,De duracion determinada,Jornada Completa,Sin Data,Crit Interim España ETT,Sin Data
2026-01-17,Trabajoscom,Valladolid,Todo Valladolid,Técnico/a en electrohidráulica,Sin Data,Sin Data,Indefinido,Jornada Completa,Sin Data,Iman Temporing,Sin Data
2026-01-17,Trabajoscom,Jaén,Alcala La Real,Personal Mantenimiento Maquinaria Industrial,Sin Data,Sin Data,Indefinido,Jornada Completa,Sin Data,Crit Interim España ETT,Sin Data
2026-01-17,Trabajoscom,Jaén,Todo Jaén,Jornaleros/as Agrícolas para Campaña de Aceituna,Sin Data,Sin Data,De duracion determinada,Jornada Completa,Sin Data,Crit Interim España ETT,Sin Data
2026-01-17,Trabajoscom,Valencia,Alcasser,Montador de parques infantiles -Zona Alcàsser,Sin Data,Sin Data,De duracion determinada,Jornada Completa,Sin Data,Iman Temporing,Sin Data
2026-01-17,Trabajoscom,Madrid,Mostoles,Fisioterapeuta Centro de Día DomusVi Jardín de los Mayores,Sin Data,Sin Data,Indefinido,Media Jornada,Sin Data,DomusVi,Sin Data
2026-01-17,Trabajoscom,Navarra,Pamplona/iruña,OFICIAL /A DE JARDINERIA,11 € - 12 €,Sin Data,Indefinido,Jornada Completa,Sin Data,Pacto,Sin Data
2026-01-17,Trabajoscom,Barcelona,Martorell,Verificador/a de piezas dias sueltos,Sin Data,Sin Data,Indefinido,Jornada Completa,Sin Data,Iman Temporing,Sin Data
2026-01-17,Trabajoscom,Barcelona,Lliça D'amunt,Soldador/a MIG/TIG,Sin Data,Sin Data,De duracion determinada,Jornada Completa,Sin Data,Crit Interim España ETT,Sin Data
2026-01-17,Trabajoscom,Madrid,San Sebastián De Los Reyes,Auxiliar Administrativo/a Comercial,Sin Data,Sin Data,De duracion determinada,Jornada Completa,Sin Data,Iman Temporing,Sin Data
2026-01-17,Trabajoscom,Granada,Todo Granada,"Químico analítico ""Encargado Laboratorio""",Sin Data,Sin Data,Indefinido,Jornada Completa,Sin Data,Crit Interim España ETT,Sin Data
2026-01-17,Trabajoscom,Las Palmas,Puerto Del Rosario,Empleado/a de Salón - Puerto del Rosario,Sin Data,Sin Data,Indefinido,Jornada Completa,Sin Data,Iman Temporing,Sin Data
2026-01-17,Trabajoscom,Madrid,Todo Madrid,Vigilante de seguridad - Horas extras - Chamartín (Madrid),Sin Data,Sin Data,Indefinido,Media Jornada,Sin Data,Iman Seguridad,Sin Data
2026-01-17,Trabajoscom,Málaga,Todo Málaga,Tecnico Mantenimiento - Vialidad/Peaje,27.000 €,Sin Data,De duracion determinada,Jornada Completa,Sin Data,Crit Interim España ETT,Sin Data
2026-01-17,Trabajoscom,Castellón,Todo Castellón,Terapeuta Ocupacional Centro Residencial DomusVi Vilareal,Sin Data,Sin Data,Indefinido,Jornada Completa,Sin Data,DomusVi,Sin Data
2026-01-17,Trabajoscom,Barcelona,Arenys De Mar,Ayudante de Jardinería,Sin Data,Sin Data,De duracion determinada,Jornada Completa,Sin Data,Iman Temporing,Sin Data
2026-01-17,Trabajoscom,Valladolid,Todo Valladolid,Auditor/a Financiero,40.000 €,Sin Data,Indefinido,Jornada Completa,Sin Data,Crit Interim España ETT,Sin Data
2026-01-17,Trabajoscom,Barcelona,Polinya,DELINEANTE,26.000 € - 30.000 €,Sin Data,De duracion determinada,Jornada Completa,Sin Data,Iman Temporing,Sin Data
2026-01-17,Trabajoscom,Navarra,Todo Navarra,Operario/a de Producción Alimentaria,Sin Data,Sin Data,De duracion determinada,Jornada Completa,Sin Data,Iman Temporing,Sin Data
2026-01-17,Trabajoscom,Barcelona,Todo Barcelona,Inspector/ a de Seguridad Entidad Pública,Sin Data,Sin Data,Indefinido,Jornada Completa,Sin Data,Iman Seguridad,Sin Data
2026-01-17,Trabajoscom,Barcelona,Sant Cugat Del Valles,ADMINISTRATIVO/A POLIVALENTE – JORNADA PARCIAL MAÑANA,Sin Data,Sin Data,De duracion determinada,Media Jornada,Sin Data,Iman Temporing,Sin Data
2026-01-17,Trabajoscom,Barcelona,Terrassa,Administrativo/a gestión documental contable,Sin Data,Sin Data,De duracion determinada,Media Jornada,Sin Data,Iman Temporing,Sin Data
2026-01-17,Trabajoscom,Madrid,Torrejon De Ardoz,Electromecánico/a Industrial  Puente Grúa,Sin Data,Sin Data,De duracion determinada,Jornada Completa,Sin Data,Crit Interim España ETT,Sin Data
2026-01-17,Trabajoscom,Araba,Vitoria-Gasteiz,Operario/a producción alimentación,16.000 € - 17.000 €,Sin Data,De duracion determinada,Jornada Completa,Sin Data,Crit Interim España ETT,Sin Data
2026-01-17,Trabajoscom,Barcelona,Santpedor,Mosso/a Magatzem Carretilla Telescòpica,Sin Data,Sin Data,Indefinido,Jornada Completa,Sin Data,Iman Temporing,Sin Data
2026-01-17,Trabajoscom,Madrid,Mostoles,Auxiliar administrativo/ de RRHH (Móstoles),Sin Data,Sin Data,De duracion determinada,Media Jornada,Sin Data,Iman Temporing,Sin Data
2026-01-17,Trabajoscom,Madrid,Todo Madrid,Administrativo/a almacén,Sin Data,Sin Data,De duracion determinada,Jornada Completa,Sin Data,Iman Temporing,Sin Data
2026-01-17,Trabajoscom,Murcia,Murcia,Pegador Carton Artes Graficas,Sin Data,Sin Data,Indefinido,Jornada Completa,Sin Data,Crit Interim España ETT,Sin Data
2026-01-17,Trabajoscom,Zaragoza,Todo Zaragoza,Auxiliar de diseño (sustitución por IT),Sin Data,Sin Data,De duracion determinada,Jornada Completa,Sin Data,Iman Temporing,Sin Data
2026-01-17,Trabajoscom,Barcelona,Todo Barcelona,"Enfermero/a - DUE Centro Residencial DomusVi Regina (Gracia, Barcelona)",Sin Data,Sin Data,Indefinido,Media Jornada,Sin Data,DomusVi,Sin Data
2026-01-17,Trabajoscom,Valencia,Lliria,Operario/a Alimentación Llíria,Sin Data,Sin Data,De duracion determinada,Jornada Completa,Sin Data,Crit Interim España ETT,Sin Data
2026-01-17,Trabajoscom,Barcelona,Todo Barcelona,Operario/a Elaboración con Carretillas,Sin Data,Sin Data,De duracion determinada,Jornada Completa,Sin Data,Iman Temporing,Sin Data
2026-01-17,Trabajoscom,Málaga,Todo Málaga,Operarios/as limpieza industrial PTA - (H/M),Sin Data,Sin Data,De duracion determinada,Jornada Completa,Sin Data,Crit Interim España ETT,Sin Data
2026-01-17,Trabajoscom,Navarra,Todo Navarra,Operario para cristalería + montaje de ventanas,1.200 € - 1.500 €,Sin Data,De duracion determinada,Jornada Completa,Sin Data,Iman Temporing,Sin Data
